﻿Date|Model|Grade|Sentence
28/01/1998|human|-1|No conceito operacional, onde são excluídas as despesas com atualização monetária, o resultado em 12 meses alcançou, em novembro, 3, 09% do PIB, comparativamente a 3, 06% no período anterior.
28/01/1998|human|-1|A assistência financeira constituiu o principal fator condicionante nos dois casos, sendo expansionista em R$ 2 bilhões em dezembro e contracionista em R$ 3, 3 bilhões até o dia 26 de janeiro.
20/05/1998|human|1|Chefes de Departamento relativamente à análise da conjuntura, abrangendo inflação, nível de atividade, evolução dos agregados monetários, finanças públicas e balanço de pagamentos (DEPEC); à evolução do mercado de câmbio, operações cambiais conduzidas pelo Banco Central, posição das reservas internacionais e ambiente externo (DEPIN); ao estado da liquidez bancária (DEBAN); e à situação do mercado monetário e operações de mercado aberto (DEMAB).
24/06/1998|human|-1|A aceleração do Índice de Preços por Atacado-Oferta Global (IPA-OG) em maio decorreu de aumentos tanto nos preços agrícolas, especialmente cereais e grãos (arroz, feijão e trigo) quanto nos preços industriais, sobretudo papel e papelão (elevação de 18, 39% no preço de celulose, em parte no mercado externo), fertilizantes (aumento sazonal da demanda) e produtos alimentares de origem vegetal.
29/07/1998|human|-1|No dia 30 de junho, foram leiloadas Notas do Tesouro Nacional – Série D (NTN-D), com prazo de 5 anos, cujo resultado atingiu a taxa real média de 15, 39%, além da variação cambial.
29/07/1998|human|1|Ao analisar a cotação dos EMBI (Índices dos Bônus dos Mercados Emergentes), observou-se, no período, a elevação do EMBI Geral, refletindo a piora das expectativas em relação a Rússia e Venezuela, enquanto os EMBI do Brasil e da Argentina apresentaram melhora das cotações e o índice do México manteve-se estável.
01/09/1999|human|1|i) mudança na hipótese sobre os juros básicos nos Estados Unidos (meta para ), que passa a ser de constância no nível de 5, 25%   até o final de 1999, e não mais de elevação para 5, 5%   no último trimestre do ano; ii) choque exógeno de 0, 3 ponto percentual na inflação medida pelo IPCA no período de agosto a setembro, para considerar o resíduo dos aumentos de tarifas e combustíveis não captado nas variações do índice já divulgadas.
16/02/2000|human|-1|No entanto, há um conjunto de fatores de risco para a inflação futura que ainda não se dissiparam ou até mesmo se agravaram desde a última reunião do Copom, a saber: 1) incertezas quanto à evolução dos preços administrados e outras pressões de custos; 2) tendência de aumentos mais expressivos das taxas de juros nos países desenvolvidos; e 3) recentes altas dos preços internacionais do petróleo tanto nos mercados à vista quanto nos futuros.
19/04/2000|human|-1|A produção de bens de capital aumentou 14, 9% no primeiro bimestre, beneficiando-se da mudança nos preços relativos provocada pela desvalorização do real.
24/05/2000|human|1|O balanço de oferta e demanda indica ausência de desequilíbrios que possam traduzir-se em pressões inflacionárias significativas no horizonte relevante para o regime de metas para a inflação.
24/05/2000|human|1|No período de 19 de abril a 23 de maio, o impacto monetário das ofertas públicas e dos resgates com títulos de emissão do Banco Central foi contracionista em R$ 0, 2 bilhão.
20/06/2000|human|1|A taxa de desemprego recuou para 4, 8% em abril, enquanto os salários e as despesas das famílias aumentaram em relação ao mesmo mês do ano precedente, sugerindo possível crescimento da demanda interna no curto prazo.
20/09/2000|human|-1|O cenário externo ganhou importância relativa como fator de risco para a evolução da economia brasileira por conta das incertezas com relação à evolução do preço do petróleo.
20/09/2000|human|1|Os modelos não-estruturais de curto prazo também apontam queda da inflação já a partir de setembro e mantêm a projeção de taxas mensais em torno de 0, 5% até dezembro de 2000.
22/11/2000|human|1|Ao contrário, o comportamento recente da inflação vem confirmando a percepção do Copom quanto ao baixo grau de inércia embutido na formação dos preços domésticos.
20/12/2000|human|1|A Diretoria Colegiada analisou a evolução recente e as perspectivas da economia brasileira e da economia internacional no contexto do novo regime de política monetária, cujo objetivo é atingir as metas fixadas pelo Governo para a inflação.
23/05/2001|human|-1|a taxa de inflação em abril (0, 58%) situou-se no limite superior das expectativas em decorrência da elevação dos preços de Alimentos e Bebidas (1, 8%), Empregado Doméstico (2, 6%) e Energia Elétrica (1, 9%).
18/07/2001|human|-1|A evolução econômica dos países que compõem a Área do Euro permaneceu apontando desaceleração no mês, enquanto a inflação ao consumidor continuou registrando elevação.
18/07/2001|human|-1|A depreciação da taxa de câmbio, desde o início do ano, pode ser atribuída aos diversos choques externos e internos e à percepção de piora no balanço de pagamentos.
22/08/2001|human|-1|Os produtos não alimentícios cresceram 1, 52% no mês, influenciados principalmente pelos aumentos nos preços da gasolina e do gás de bujão e pelos reajustes nas tarifas de ônibus intermunicipal, de energia elétrica em São Paulo e Curitiba e de telefonia fixa em todo o país.
19/09/2001|human|1|No entanto, a distensão, já iniciada, das políticas monetária e fiscal nos Estados Unidos deve contribuir para amenizar a tendência de contração do produto no médio prazo, com impactos positivos para a economia mundial.
19/12/2001|human|-1|Em 2002, a menor inflação dos preços administrados deve-se, em grande parte, ao reajuste dos derivados de petróleo, que passarão a ser determinados pelo mercado.
19/06/2002|human|1|As expectativas de inflação coletadas pelo Grupo de Comunicação Institucional (GCI) do Banco Central do Brasil continuam apontando para uma inflação em queda no futuro próximo.
21/08/2002|human|1|O núcleo de inflação calculado por exclusão dos preços administrados e dos alimentos no domicílio registrou uma variação de 0, 39% em julho, com variação acumulada em doze meses de 6, 12%.
18/09/2002|human|1|O resultado do mês foi influenciado pela alta de 1, 94% nos preços do grupo alimentação e bebidas, devido à depreciação cambial e à entressafra.
01/10/2002|human|1|Uma política monetária mais restritiva diminui o repasse da desvalorização cambial para os preços e melhora as expectativas de inflação.
01/10/2002|human|-1|O aumento da inflação-observada e esperada-nos últimos meses implica que, mantida a meta para a taxa Selic de 18%, a taxa de juros real-e se reduziria significativamente, o que poderia estimular o repasse da depreciação cambial e a propagação dos reajustes dos preços.
22/01/2003|human|-1|Dessa forma, a política monetária vem sendo conduzida de forma a limitar os efeitos da depreciação cambial à mudança de preços relativos, evitando a propagação desse choque e permitindo a convergência da inflação para uma trajetória consistente com as suas metas.
19/02/2003|human|1|A projeção para o de seis meses sobre a taxa Selic, seguindo a especificação do modelo, baseada no método de estimação por correção de erros, encontra-se em 200   a partir do nível vigente na véspera da reunião do Copom no primeiro trimestre de 2003, apresentando em seguida trajetória acentuadamente descendente até atingir-150   no último trimestre de 2004.
19/02/2003|human|1|Igualmente, a inflação nos preços livres vem apresentando redução desde seu pico de 2, 53% verificado em novembro, para 2, 32% em dezembro e 1, 64% em janeiro.
19/11/2003|human|1|Dessa forma, a recuperação econômica do Brasil em 2004 poderá ocorrer sem pressões mais significativas sobre o balanço de pagamentos e, conseqüentemente, sobre a taxa de câmbio.
17/12/2003|human|-1|Os artigos de vestuário, ainda influenciados por fatores sazonais, apresentaram elevação média de 0, 99% em seus preços em novembro, ante 0, 92% em outubro, correspondendo a 0, 05   do resultado mensal do IPCA.
18/02/2004|human|-1|A inflação dos três grandes grupos do IPCA-itens comercializáveis, não comercializáveis e administrados por contrato e monitorados-manteve-se elevada e/ou aumentou em janeiro.
14/04/2004|human|-1|De acordo com o cenário de mercado, que incorpora as trajetórias de câmbio e de taxa Selic esperadas pelo mercado na véspera da reunião do Copom, as projeções de inflação do Banco Central do Brasil situam-se acima das metas para 2004 e para 2005.
21/07/2004|human|1|Como conseqüência, a taxa real de juros, medida pelo quociente entre a taxa nominal de um ano e a expectativa de inflação para os próximos doze meses, reduziu-se para 10, 1%.
18/08/2004|human|-1|As projeções baseadas no cenário de mercado, que incorporam as trajetórias de câmbio e de taxa Selic esperadas pelo mercado na véspera da reunião do Copom, situam-se acima das projeções do cenário de referência – portanto acima das metas de inflação –, pois pressupõem redução da taxa de juros básica e aumento da taxa de câmbio.
18/08/2004|human|-1|A interação de um balanço mais apertado entre condições estruturais de oferta e uma demanda crescente com fatores políticos – tensões no Oriente Médio, dúvidas em relação ao futuro da Yukos e o plebiscito na Venezuela – contribuíram para manter a escalada dos preços do petróleo, que atingiram níveis recordes em agosto.
15/09/2004|human|1|Ao compatibilizar o ritmo de preenchimento do hiato do produto no curto e médio prazos com a trajetória de metas para a inflação, esse ajuste evitará que medidas mais drásticas venham a ser necessárias no futuro para desinflacionar a economia, cujos danos ao ciclo de crescimento poderiam ser grandes.
15/09/2004|human|-1|Durante o ano corrente, a inflação mensal dos preços livres ficou abaixo de 0, 50% apenas em abril, apresentado uma média de 0, 60%, exatamente igual à taxa de agosto, excedendo de forma sistemática, portanto, patamares compatíveis com as metas de inflação estabelecidas para este e para os próximos anos.
15/12/2004|human|-1|Ressalte-se que a persistência dos núcleos em nível elevado e o comportamento do índice de difusão revelam o processo de disseminação do movimento de alta de preços entre os diversos segmentos da economia.
16/03/2005|human|-1|Entre 16 de fevereiro e 16 de março, a taxa de juros de um mês aumentou 0, 16  p, enquanto que as taxas de seis meses e de 1, 2 e 3 anos recuaram 0, 12  p, 0, 19  p, 0, 04   e 0, 05  p, respectivamente.
18/05/2005|human|-1|Dada a evolução positiva no mercado de trabalho e na renda registrada nos últimos meses, e a postura de política monetária adotada nesse mesmo período, não seria natural esperar que se revertesse a tendência na mudança da composição da atividade na economia, com o crescimento econômico sendo sustentado cada vez mais pelos setores mais dependentes da renda.
15/06/2005|human|-1|Evidentemente, na eventualidade de se verificar uma exacerbação de riscos que implique alteração do cenário prospectivo traçado para a inflação neste momento pelo Comitê, a estratégia de política monetária será prontamente adequada às circunstâncias.
20/07/2005|human|1|Nas operações com pessoas físicas, o saldo evoluiu 2, 1%, principalmente pelo comportamento do crédito pessoal, dada a continuidade da expansão das operações consignadas em folha de pagamento, particularmente com aposentados pelo Instituto Nacional do Seguro Social (INSS).
17/08/2005|human|-1|No ano, até julho, observaram-se aumentos de 27, 6% em bens de capital, 19% em bens de consumo, 17, 9% em matérias-primas e bens intermediários e 13, 7% em combustíveis e lubrificantes, considerados os valores médios diários de igual período do ano anterior.
17/08/2005|human|1|De qualquer maneira, com a desaceleração em maio e em junho e com a relativa estabilidade em julho, as medidas subjacentes de inflação registraram novamente queda nos valores acumulados nos últimos doze meses e se aproximaram ainda mais de valores compatíveis com a trajetória de metas de inflação.
14/09/2005|human|1|Também a inflação dos bens não comercializáveis apresentou redução de patamar nos últimos meses, caindo do valor médio de 0, 5% no trimestre março–maio para 0, 2% no período junho–agosto.
14/09/2005|human|1|A variação do Índice Nacional de Preços ao Consumidor Amplo (IPCA) em agosto confirmou as expectativas de continuidade do processo de acomodação da inflação em níveis inferiores aos verificados nos meses iniciais de 2005.
19/10/2005|human|-1|As taxas de mais longo prazo fizeram movimento inverso, reagindo à piora do cenário internacional: preocupações com a evolução da inflação norte-americana ocasionaram elevação das taxas das treasuries e volatilidade nas principais bolsas internacionais.
23/11/2005|human|-1|Considerados os componentes do IGP-DI, o Índice de Preços ao Consumidor – Brasil (IPC-Br) cresceu 0, 42% no mês, refletindo taxas maiores em 5 das 7 classes componentes do índice, com destaque para o grupo alimentação.
18/01/2006|human|1|A despeito de persistirem incertezas relevantes na economia mundial, como as preocupações acerca da evolução da inflação nos Estados Unidos e na Zona do Euro, o Copom permanece atribuindo baixa probabilidade a um cenário de deterioração significativa nos mercados financeiros internacionais.
08/03/2006|human|1|Considerados os componentes do IGP-M, o Índice de Preços ao Consumidor (IPC) cresceu 0, 11% no mês, ante 0, 7% em janeiro, destacando-se a reversão na tendência dos preços dos grupos alimentação, cuja taxa recuou 0, 51% em fevereiro após alta de 0, 99% em janeiro.
19/07/2006|human|-1|O Copom considera relevante ressaltar, uma vez mais, que há defasagens importantes entre a implementação da política monetária e seus efeitos sobre o nível de atividade e sobre a inflação.
19/07/2006|human|-1|Além disso, independentemente do que ocorra com os preços domésticos da gasolina, deve-se reconhecer que a elevação dos preços internacionais do petróleo se transmite de qualquer forma à economia doméstica, em parte, através de cadeias produtivas como a petroquímica, e também pela deterioração que termina produzindo nas expectativas de inflação dos agentes econômicos.
19/07/2006|human|1|No cenário de mercado, que leva em conta as trajetórias de câmbio e juros apuradas pela Gerin junto a analistas no período imediatamente anterior à reunião do Copom, a projeção de inflação para 2006 também apresentou valor central abaixo do considerado na reunião do Copom de maio e abaixo do valor central da meta de inflação.
30/08/2006|human|1|Esse aumento da resistência a choques refletiu-se, sobretudo, na constatação de que a economia doméstica tem mantido sua trajetória de crescimento em meio ao longo processo de ajuste das taxas de juros nos EUA, ao qual se juntaram a Zona do Euro e o Japão.
18/10/2006|human|-1|A taxa de inadimplência alcançou 5, 1% em setembro, considerando-se as operações de crédito com recursos livres com atraso superior a noventa dias, registrando 2, 7% nas operações com pessoas jurídicas e 7, 8% no segmento de pessoas físicas.
29/11/2006|human|-1|Dessa forma, a avaliação de decisões alternativas de política monetária deve concentrar-se necessariamente na análise do cenário prospectivo para a inflação e nos riscos a ele associados, em vez de privilegiar os valores correntes observados para essa variável.
24/01/2007|human|-1|As operações de crédito referencial para taxas de juros com recursos livres recuaram 0, 1% em dezembro, em relação ao mês anterior, e cresceram 23, 6% em relação a dezembro de 2005.
07/03/2007|human|1|No cenário externo, a divulgação do comunicado do (FOMC) e o teor dos pronunciamentos do presidente do no Congresso aumentaram o otimismo dos investidores, favorecendo o fluxo de recursos para países emergentes e contribuindo para a redução mais acentuada da parte longa da curva de juros.
18/04/2007|human|1|A melhora de diversos indicadores macroeconômicos – inclusive das taxas recentes de crescimento e da relação dívida/PIB-resultante da nova metodologia do IBGE de aferição do produto interno bruto aumentou o otimismo dos investidores e contribuiu para o recuo do risco-país, que atingiu mínimos históricos, e das taxas de juros, especialmente as de mais longo prazo.
18/07/2007|human|1|Considerando-se as hipóteses do cenário de referência, que leva em conta a manutenção da taxa de câmbio em R$1, 90 e da taxa Selic em 12%, em todo o horizonte de previsão, a projeção para o IPCA em 2007 elevou-se em relação ao valor considerado na reunião do Copom de junho, mas permaneceu posicionada abaixo do valor central de 4, 5% para a meta desse ano, fixada pelo Conselho Monetário Nacional (CMN).
18/07/2007|human|1|A despeito do lento declínio da taxa de desemprego, o número de ocupados aumentou 2, 7% nos doze meses findos em maio, reflexo do crescimento da População Economicamente Ativa (PEA), processo típico de momentos de expansão econômica.
05/09/2007|human|-1|Além disso, a despeito da maior incerteza sobre a continuidade do rápido crescimento da economia internacional observado nos últimos anos e do forte aumento da volatilidade que caracterizou os mercados globais desde a reunião anterior do Copom, as perspectivas de financiamento externo para a economia brasileira no horizonte de projeção sugerem, com as informações disponíveis no momento, que o balanço de pagamentos não deve apresentar risco iminente para o cenário inflacionário.
17/10/2007|human|1|A taxa real de juros medida pelo quociente entre a taxa nominal de um ano e a expectativa de inflação (suavizada) para os próximos doze meses recuou de 7, 31%, em 3 de setembro de 2007, para 7, 06%, em 15 de outubro de 2007.
05/12/2007|human|-1|Consideradas as operações de crédito por atividade econômica, o saldo dos empréstimos para a indústria cresceu 3, 1% em outubro e 28, 5% em doze meses, enquanto os empréstimos ao comércio apresentaram elevação de 3, 3% no mês e de 20, 8% em doze meses.
05/12/2007|human|-1|Dessa forma, os efeitos defasados dos cortes de juros sobre uma demanda agregada que já cresce a taxas robustas se somarão a outros fatores que continuarão contribuindo de maneira importante para a sua expansão.
23/01/2008|human|-1|As incertezas em relação à evolução da economia internacional seguem elevadas, em ambiente de continuidade dos distúrbios nos mercados imobiliários, elevação dos preços das e persistência das restrições nos mercados de crédito.
05/03/2008|human|-1|O Copom considera fundamental ressaltar, mais uma vez, que há defasagens importantes entre a implementação da política monetária e seus efeitos sobre o nível de atividade e sobre a inflação.
05/03/2008|human|-1|Os preços de outras, especialmente grãos, também mostraram elevação importante desde a última reunião do Copom, a despeito do maior pessimismo sobre as perspectivas para o crescimento da economia mundial, e da turbulência nos mercados financeiros globais.
05/03/2008|human|1|Ainda em relação ao acumulado em doze meses, as medidas de núcleo, que permanecem abaixo do valor central da meta para a inflação, mostraram relativa estabilidade em janeiro, quando comparadas a dezembro, encontrando-se em patamares superiores aos valores mínimos históricos registrados em meses anteriores.
05/03/2008|human|1|Os dados referentes à atividade econômica indicam que o ritmo de expansão da demanda continua bastante robusto, podendo mesmo ter se acelerado desde o início do ano, e responde, ao menos parcialmente, pelas pressões inflacionárias que têm sido observadas no curto prazo, a despeito do forte crescimento das importações e do comportamento benigno do investimento.
16/04/2008|human|-1|No que se refere aos itens não comercializáveis, em grande parte impulsionada pelo comportamento dos preços de alimentos e de serviços, a inflação acumulada em doze meses foi ainda mais elevada (6, 67%).
16/04/2008|human|1|Considerando dados dessazonalizados pelo Banco Central, a taxa de desemprego deslocou-se de 8, 5% em janeiro para 8, 6% em fevereiro, permanecendo em patamar próximo ao menor nível da série histórica.
16/04/2008|human|1|Segundo dados finais divulgados, o Produto Interno Bruto (PIB) dos treze países que adotavam o euro cresceu 0, 4% no quarto trimestre, em relação ao terceiro, e avançou 2, 2% ante o quarto trimestre de 2006.
04/06/2008|human|1|O Copom avalia que a persistência de uma atuação cautelosa e tempestiva da política monetária tem sido fundamental para aumentar a probabilidade de que, mesmo diante de pressões inflacionárias em escala global, a inflação no Brasil siga evoluindo segundo a trajetória de metas.
04/06/2008|human|1|O Copom reitera a visão, expressa em Notas de reuniões anteriores, de que, para a inflação brasileira, um cenário alternativo de desaceleração mundial mais intensa e generalizada representa fator de risco de sinal ambíguo.
04/06/2008|human|-1|Para os próximos trimestres, a perspectiva é de continuidade do atual ciclo expansionista do comércio varejista, cujos fatores de propulsão continuarão a ser o crescimento dos níveis de emprego e da renda, a expansão do crédito e a manutenção da confiança do consumidor em níveis elevados.
04/06/2008|human|1|Em particular, cabe à política monetária atuar para que impactos inicialmente localizados sobre os índices de inflação, parcialmente derivados de ajustes de preços relativos que ocorrem em escala global, não levem, por meio de uma piora das expectativas, a uma deterioração persistente da dinâmica inflacionária.
23/07/2008|human|1|Note-se que, a despeito da elevação dos preços de alimentos, o segmento de hiper, supermercados, produtos alimentícios, bebidas e fumo mostra crescimento expressivo sob este critério de comparação (6, 8%).
10/09/2008|human|-1|Ainda que a influência de estímulos monetários e fiscais tenha limitado o risco de uma contração significativa da atividade, o cenário dominante continua apontando para uma recuperação mais consistente apenas a partir de 2009.
10/09/2008|human|-1|Além disso, nas atuais circunstâncias, existe o risco de que os agentes econômicos passem a atribuir maior probabilidade a que elevações da inflação sejam persistentes, o que implicaria redução da eficácia da política monetária.
10/09/2008|human|-1|Dessa forma, a avaliação de decisões alternativas de política monetária deve concentrar-se, necessariamente, na análise do cenário prospectivo para a inflação e nos riscos a ele associados, em vez de privilegiar os valores correntes observados para essa variável.
10/09/2008|human|-1|No caso dos serviços, por exemplo, a inflação, sob esse critério de comparação, deslocou-se de 4, 98% em agosto de 2007 para 5, 19% em dezembro e para 5, 91% em agosto de 2008.
29/10/2008|human|-1|No que se refere ao cenário macroeconômico global, as tendências contracionistas parecem estar gradativamente prevalecendo sobre as pressões inflacionárias, que, todavia, continuam.
21/01/2009|human|-1|O Índice de Preços por Atacado (IPA) apresentou variação negativa de 0, 88%, refletindo a quinta queda consecutiva nos preços dos produtos agropecuários, de 1, 30%, e recuo de 0, 73% nos preços dos produtos industriais.
11/03/2009|human|1|desaceleração do IGP-DI tem refletido o comportamento de seu principal componente, o Índice de Preços no Atacado – Disponibilidade Interna (IPA-DI), que recuou de 9, 80% em dezembro para 7, 39% em fevereiro, no acumulado em doze meses (10, 62% em fevereiro de 2008).
11/03/2009|human|-1|Ainda assim, a despeito de haver margem para um processo de flexibilização, a política monetária deve manter postura cautelosa, visando assegurar a convergência da inflação para a trajetória de metas.
11/03/2009|human|1|De qualquer modo, o Comitê reafirma que continuará conduzindo suas ações de forma a assegurar que os ganhos obtidos no combate à inflação em anos recentes sejam permanentes.
29/04/2009|human|1|A desaceleração do IGP-DI tem refletido o comportamento de seu principal componente, o Índice de Preços no Atacado – Disponibilidade Interna (IPA-DI), que recuou de 9, 80% em dezembro para 4, 98% em março, no acumulado em doze meses (11, 39% em março de 2008).
10/06/2009|human|1|Nas economias maduras, em que a ancoragem das expectativas de inflação é mais forte e a atividade econômica vem se enfraquecendo consideravelmente e há mais tempo, as pressões inflacionárias têm mostrado redução rápida.
09/12/2009|human|1|A incerteza que envolve essas cotações segue elevada, uma vez que o cenário prospectivo depende da evolução da demanda, em contexto de retomada da economia mundial, da perspectiva de evolução da oferta global, condicionada pelo ritmo de maturação de investimentos no setor, além das questões geopolíticas que atuam sobre os preços dessa mercadoria.
09/06/2010|human|-1|O Copom entende que os indicadores divulgados desde a última reunião reforçam a percepção de existência de pressões sobre o mercado de fatores, o que aumenta a probabilidade de que desenvolvimentos inflacionários inicialmente localizados venham a apresentar riscos para a trajetória da inflação.
09/06/2010|human|1|Sob a ótica da demanda agregada, houve expansão interanual do consumo das famílias e do governo de 9, 3% e 2, 0%, na ordem, e crescimento de 26, 0% na Formação Bruta de Capital Fixo (FBCF), além de 39, 5% na importação, ao passo que a exportação aumentou 14, 5%.
21/07/2010|human|-1|A redução da variação do IPCA em relação ao mês anterior, quando o indicador crescera 0, 43%, refletiu a reversão, de 0, 47% para-0, 05%, na variação mensal dos preços livres e a desaceleração, de 0, 33% para 0, 12%, na relativa aos preços monitorados.
20/10/2010|human|1|Ainda assim, os preços de certas e de ativos brasileiros se elevaram e, de modo geral, as perspectivas para o financiamento externo da economia brasileira seguem favoráveis.
20/10/2010|human|-1|Sob esse mesmo critério, a inflação medida pelo Índice Nacional da Construção Civil (INCC), componente de menor peso do IGP-DI, variou 6, 45%, também superior ao registrado no mesmo período de 2009 (2, 78%).
08/12/2010|human|-1|Dessa forma, a análise de decisões alternativas de política monetária deve se concentrar, necessariamente, no cenário prospectivo para a inflação e nos riscos a ele associados, em vez de privilegiar valores correntes e passados para essa variável.
19/01/2011|human|1|As taxas de inflação têm permanecido em níveis bastante reduzidos nos países do G3 (Estados Unidos, Zona do Euro e Japão), a despeito das ações de política econômica de caráter fortemente expansionista, tanto no lado fiscal como no lado monetário.
19/01/2011|human|1|Esse movimento foi influenciado por diversos fatores, entre os quais: a divulgação de índices de inflação corrente elevados, incluindo diferentes medidas de núcleo; a trajetória de alta dos preços das no mercado internacional; e incertezas em relação à implementação do ajuste fiscal sinalizado pelo governo.
19/01/2011|human|1|A balança comercial brasileira registrou, em dezembro, o maior superávit mensal do ano, US$5, 4 bilhões, contribuindo para que o superávit comercial atingisse US$20, 3 bilhões em 2010.
02/03/2011|human|-1|Enquanto nos Estados Unidos o item energia registrou aumento anual de 7, 3% em janeiro, na China, a inflação nos preços dos alimentos, 10, 3%, foi a principal responsável pela elevação do IPC.
02/03/2011|human|1|A evidência internacional, no que é ratificada pela experiência brasileira, indica que taxas de inflação elevadas levam ao aumento dos prêmios de risco, tanto para o financiamento privado quanto para o público, e ao encurtamento dos horizontes de planejamento, tanto das famílias quanto das empresas.
02/03/2011|human|-1|Consequentemente, taxas de inflação elevadas reduzem os investimentos e o potencial de crescimento da economia, além de terem efeitos regressivos sobre a distribuição de renda.
08/06/2011|human|1|Em suma, o Copom reconhece um ambiente econômico em que prevalece nível de incerteza acima do usual, e identifica riscos à concretização de um cenário em que a inflação convirja tempestivamente para o valor central da meta.
20/07/2011|human|-1|Nesse contexto, avaliando o cenário prospectivo e o balanço de riscos para a inflação, o Copom decidiu, por unanimidade, neste momento, elevar a taxa Selic para 12, 50%, sem viés.
20/07/2011|human|-1|O Comitê também pondera que há evidências de que a tração da política monetária aumentou no passado recente e, comparativamente ao que se observava há alguns anos, atualmente pressões inflacionárias são contidas com mais eficiência por meio de ações de política monetária.
31/08/2011|human|-1|Um cenário alternativo, construído e analisado sob a perspectiva de um modelo de equilíbrio geral dinâmico estocástico de médio porte, admite que a atual deterioração do cenário internacional cause um impacto sobre a economia brasileira equivalente a um quarto do impacto observado durante a crise internacional de 2008/2009.
31/08/2011|human|1|De fato, o indicador antecedente composto divulgado pela Organização para a Cooperação e Desenvolvimento Econômico (OCDE), referente a junho, apontou sinais fortes de inflexão nas principais economias, com perspectivas de menor crescimento nos próximos meses.
19/10/2011|human|1|Os membros do Copom analisaram a evolução recente e as perspectivas para a economia brasileira e para a economia internacional, no contexto do regime de política monetária, cujo objetivo é atingir as metas fixadas pelo governo para a inflação.  volução recente da economia.
30/11/2011|human|1|Evidências a esse respeito são oferecidas, entre outros, pelo cumprimento das metas para a inflação nos últimos sete anos, ao mesmo tempo em que as taxas reais de juros recuaram.
18/01/2012|human|1|A economia brasileira cresceu 2, 1% no terceiro trimestre de 2011, em relação ao mesmo trimestre do ano anterior, após crescer 4, 2% no primeiro trimestre e 3, 3% no segundo trimestre, na mesma base de comparação.
07/03/2012|human|1|A inflação, medida pela variação mensal do Índice Nacional de Preços ao Consumidor Amplo (IPCA), alcançou 0, 56% em janeiro (ante 0, 50% em dezembro), quarto recuo consecutivo da inflação acumulada em doze meses, que se deslocou de 6, 50% em dezembro para 6, 22% em janeiro.
07/03/2012|human|1|Note-se, adicionalmente, que riscos baixos para a inflação subjacente no curto prazo tendem a potencializar os efeitos das ações de política monetária, fazendo com que elas possam afetar de forma mais duradoura a dinâmica da inflação plena no futuro.
18/04/2012|human|-1|Já a inflação medida pelo Índice de Preços ao Consumidor (IPC), segundo componente mais importante do IGP-DI, ficou em 5, 50% em doze meses até março (5, 86% em março de 2011).
18/04/2012|human|1|Nos próximos meses, a trajetória do comércio continuará a ser influenciada pelas transferências governamentais, pelo ritmo de crescimento da massa salarial real, pela melhora no nível de confiança dos consumidores e pela expansão moderada do crédito.
11/07/2012|human|1|Em síntese, apesar de a inflação de serviços ainda seguir em níveis elevados, o conjunto de informações disponível sugere tendência declinante da inflação acumulada em doze meses em direção à meta de inflação.
11/07/2012|human|1|O Índice Commodities – Brasil (IC-Br) recuou 1, 40% em junho, refletindo desvalorização de 0, 20%, 2, 00% e 6, 83% dos subíndices agropecuária, metal e energia, respectivamente.
11/07/2012|human|-1|A taxa de crescimento acumulada em doze meses ficou em 5, 3% em maio, com expansão em todos os dez segmentos pesquisados, destacando-se equipamentos e materiais para escritório, informática e comunicação (26, 4%) e móveis e eletrodomésticos (14, 9%).
10/10/2012|human|1|Dessa forma, a taxa de crescimento acumulada em doze meses até julho ficou em 5, 9%, com expansão em todos os dez segmentos pesquisados, destacando-se equipamentos e materiais para escritório, informática e comunicação (19, 9%) e móveis e eletrodomésticos (14, 2%).
16/01/2013|human|-1|A inflação medida pela variação mensal do Índice Nacional de Preços ao Consumidor Amplo (IPCA) alcançou 0, 79% em dezembro, 0, 19 ponto percentual (p.  ) acima da registrada em novembro.
06/03/2013|human|-1|Nos próximos meses, a trajetória do comércio continuará a ser influenciada pelas transferências governamentais, pelo ritmo de crescimento da massa salarial real e pela expansão moderada do crédito.
17/04/2013|human|1|A produção de bens de capital cresceu 1, 6% em fevereiro, acumulando expansão de 4, 7% no trimestre, relativamente ao finalizado em novembro, de acordo com dados dessazonalizados da Pesquisa Industrial Mensal – Produção Física (PIM-PF), do IBGE.
29/05/2013|human|-1|No que se refere ao crescimento acumulado em doze meses até março, houve recuo em todas as categorias de uso: bens de capital (-6, 7%); bens intermediários (-1, 4%); bens de consumo semiduráveis e não duráveis (-1, 2%); e bens de consumo duráveis (-0, 3%).
29/05/2013|human|-1|O Comitê enfatiza, também, que taxas de inflação elevadas subtraem o poder de compra de salários e de transferências, com repercussões negativas sobre a confiança e o consumo das famílias.
10/07/2013|human|-1|O Copom ressalta que a evidência internacional, no que é ratificada pela experiência brasileira, indica que taxas de inflação elevadas geram distorções que levam a aumentos dos riscos e deprimem os investimentos.
10/07/2013|human|1|Informações recentes indicam retomada dos investimentos e continuidade do crescimento do consumo das famílias, esse último favorecido pelas transferências públicas e pelo vigor do mercado de trabalho – que se reflete em taxas de desemprego historicamente baixas e em crescimento dos salários.
09/10/2013|human|-1|O Copom avalia que a trajetória do comércio continuará a ser influenciada pelas transferências governamentais, pelo ritmo de crescimento da massa salarial real e pela expansão moderada do crédito.
27/11/2013|human|-1|Por sua vez, o Índice de Preços ao Produtor/Indústria de Transformação (IPP/IT), calculado pelo Instituto Brasileiro de Geografia e Estatística (IBGE), aumentou 0, 62% em setembro, acumulando alta de 5, 86% em doze meses.
27/11/2013|human|-1|Informações recentes indicam retomada dos investimentos e continuidade do crescimento do consumo das famílias, esse último favorecido pelas transferências públicas e pelo vigor do mercado de trabalho – que se reflete em taxas de desemprego historicamente baixas e em crescimento dos salários.
15/01/2014|human|-1|Após a reunião do Copom de novembro, a curva de juros doméstica apresentou significativa oscilação, terminando o período em alta no trecho curto e com relativa estabilidade no médio e longo prazo.
15/01/2014|human|-1|A taxa de desocupação também atingiu o mínimo da série histórica iniciada em 2002, de acordo com a série dessazonalizada pelo Banco Central (5, 1%), o que, em parte, reflete redução da população economicamente ativa (PEA).
26/02/2014|human|1|O Copom avalia que a depreciação e a volatilidade da taxa de câmbio verificadas nos últimos semestres ensejam uma natural e esperada correção de preços relativos.
02/04/2014|human|-1|O Copom avalia que a depreciação e a volatilidade da taxa de câmbio verificadas nos últimos semestres ensejam uma natural e esperada correção de preços relativos.
28/05/2014|human|1|A inflação medida pela variação do Índice Nacional de Preços ao Consumidor Amplo (IPCA) atingiu 0, 67% em abril, 0, 12 ponto percentual (p.  ) acima da registrada em abril de 2013 e 0, 25   menor que a registrada em março de 2014.
29/10/2014|human|-1|O Índice de Preços ao Consumidor (IPC), segundo componente mais importante do IGP-DI, aumentou 6, 97% em doze meses até setembro (5, 29% em setembro de 2013); e o Índice Nacional de Custo da Construção (INCC), componente de menor peso no IGP-DI, 6, 96% (8, 09% em setembro de 2013), em parte, reflexo de pressões de custos de mão de obra, que variaram 8, 48% no período.
29/10/2014|human|-1|No que se refere ao componente externo da demanda agregada, o cenário de maior crescimento global, combinado com a depreciação do real, milita no sentido de torná-lo mais favorável ao crescimento da economia brasileira.
04/03/2015|human|1|Especificamente sobre o combate a inflação, o Comitê destaca que a literatura e as melhores práticas internacionais recomendam um desenho de política fiscal consistente e sustentável, de modo a permitir que as ações de política monetária sejam plenamente transmitidas aos preços.
04/03/2015|human|-1|No mercado de fatores, o Copom destaca a estreita margem de ociosidade no mercado de trabalho, que tem arrefecido na margem, mas pondera que ainda prevalece risco significativo relacionado, particularmente, à possibilidade de concessão de aumentos de salários incompatíveis com o crescimento da produtividade, com repercussões negativas sobre a inflação.
04/03/2015|human|-1|Note-se ainda que os preços no segmento de alimentos e bebidas aumentaram 8, 72% em doze meses até janeiro (7, 25% em janeiro de 2014), e os dos serviços, 8, 76% (8, 26% em janeiro de 2014).
03/06/2015|human|-1|No entanto, o Copom pondera que é preciso ampliar o horizonte de observações, e que ainda prevalece risco significativo relacionado, particularmente, à possibilidade de concessão de aumentos de salários incompatíveis com o crescimento da produtividade, com repercussões negativas sobre a inflação.
29/07/2015|human|1|Note-se, adicionalmente, que riscos baixos para a inflação subjacente no curto prazo tendem a potencializar os efeitos das ações de política monetária, fazendo com que elas possam afetar, de forma mais duradoura, a dinâmica da inflação plena no futuro.
29/07/2015|human|-1|Note-se ainda que os preços no segmento de alimentação e bebidas aumentaram 9, 60% em doze meses até junho (7, 50% em junho de 2014), e os dos serviços, 7, 90% (9, 20% em junho de 2014).
02/09/2015|human|-1|O Copom ressalta que a evidência internacional, no que é ratificada pela experiência brasileira, indica que taxas de inflação elevadas geram distorções que levam a aumento dos riscos e deprimem os investimentos.
21/10/2015|human|-1|O Comitê considera ainda que, ao longo de 2015, entre outros fatores, esses ajustes de preços relativos na economia tornaram o balanço de riscos para a inflação desfavorável.
21/10/2015|human|-1|O Índice de Preços ao Consumidor (IPC), segundo componente mais importante do IGP-DI, aumentou 9, 65% em doze meses até setembro (6, 97% em setembro de 2014), e o Índice Nacional de Custo da Construção (INCC), componente de menor peso no IGP-DI, aumentou 7, 38% (6, 96% em setembro de 2014), em parte reflexo de pressões de custos de mão de obra, que variaram 8, 59% no período.
25/11/2015|human|-1|Especificamente sobre a Europa, em que pesem ações de política monetária recentes, altas taxas de desemprego, aliadas à consolidação fiscal e a incertezas políticas, constituem elementos de contenção de investimentos e do crescimento.
20/01/2016|human|-1|Especificamente sobre a Europa, em que pesem ações de política monetária recentes, altas taxas de desemprego, aliadas à consolidação fiscal e a incertezas políticas, seguem como elementos de contenção de investimentos e do crescimento.
27/04/2016|human|-1|O cenário de referência leva em conta as hipóteses de manutenção da taxa de câmbio em R$3, 55/US$ e da taxa Selic em 14, 25% ao ano (a.  ) em todo o horizonte relevante.
27/04/2016|human|-1|Nesse contexto, o Comitê reitera que adotará as medidas necessárias de forma a assegurar o cumprimento dos objetivos do regime de metas, ou seja, circunscrever a inflação aos limites estabelecidos pelo CMN, em 2016, e fazer convergir a inflação para a meta de 4, 5%, em 2017.
08/06/2016|human|-1|Especificamente sobre a Europa, em que pesem ações de política monetária recentes, altas taxas de desemprego, aliadas à consolidação fiscal e a incertezas políticas, seguem como elementos de contenção de investimentos e do crescimento.
20/07/2016|human|1|Por outro lado, os ajustes necessários na economia podem ser aprovados e implementados de forma mais célere, permitindo ganhos de confiança e queda das expectativas de inflação.
22/02/2017|human|1|Enfatizaram, de início, a condição fundamental de que qualquer decisão futura seja compatível com manutenção das projeções de inflação na meta nos horizontes relevantes para a condução da política monetária, e com ancoragem das expectativas de inflação.
25/10/2017|human|1|Por um lado, a combinação de (i) possíveis efeitos secundários do choque favorável nos preços de alimentos e da inflação de bens industriais em níveis correntes baixos e da (ii) possível propagação, por mecanismos inerciais, do nível baixo de inflação corrente pode produzir trajetória de inflação prospectiva abaixo do esperado.
19/09/2018|human|1|Esse estímulo começará a ser removido gradualmente caso o cenário prospectivo para a inflação no horizonte relevante para a política monetária e/ou seu balanço de riscos apresentem piora.
19/09/2018|human|-1|Esse cenário supõe, entre outras hipóteses, trajetória de juros que encerra 2018 em 6, 50%   e 2019 em 8, 0%   e de taxa de câmbio que termina 2018 e 2019 em R$3, 83/US$ e R$3, 75/US$, respectivamente.
31/10/2018|human|1|No cenário com taxa Selic constante em 6, 50%   e taxa de câmbio constante a R$3, 70/US$ 2, as projeções para a inflação do Copom situam-se em torno de 4, 4% para 2018, 4, 2% para 2019 e 4, 1% para 2020.
31/07/2019|human|1|50%   produzem inflação abaixo da meta para 2020, enquanto os cenários com trajetória de juros extraída da pesquisa Focus, que embutem ajustes adicionais no grau de estímulo monetário, produzem inflação em torno da meta.
17/06/2020|human|1|Finalmente o Copom avaliou que o choque desinflacionário de demanda, ainda que acompanhado de maior fragilidade fiscal, gerou um processo de revisão para baixo nas expectativas de inflação, em particular para o horizonte relevante da política monetária.
28/10/2020|human|1|No cenário básico, com trajetória para a taxa de juros extraída da pesquisa Focus e taxa de câmbio partindo de R$5, 60/US$ 2, e evoluindo segundo a paridade do poder de compra (PPC), as projeções de inflação do Copom situam-se em torno de 3, 1% para 2020, 3, 1% para 2021 e 3, 3% para 2022.
09/12/2020|human|1|A manutenção desse cenário de convergência da inflação sugere que, em breve, as condições para a manutenção do forward guidance podem não mais ser satisfeitas, o que não implica mecanicamente uma elevação da taxa de juros pois a conjuntura econômica continua a prescrever estímulo extraordinariamente elevado frente às incertezas quanto à evolução da atividade.
20/01/2021|human|1|Em vista das novas informações, o Copom avalia que essas condições deixaram de ser satisfeitas já que as expectativas de inflação, assim como as projeções de inflação de seu cenário básico, estão suficientemente próximas da meta de inflação para o horizonte relevante de política monetária.
17/03/2021|human|1|Para a próxima reunião, a menos de uma mudança significativa nas projeções de inflação ou no balanço de riscos, o Comitê antevê a continuação do processo de normalização parcial do estímulo monetário com outro ajuste da mesma magnitude.
16/06/2021|human|-1|Essa assimetria no balanço de riscos afeta o grau apropriado de estímulo monetário, justificando assim uma trajetória para a política monetária menos estimulativa do que a utilizada no cenário básico.
16/06/2021|human|-1|O Comitê enfatiza, novamente, que não há compromisso com essa posição e que os passos futuros da política monetária poderão ser ajustados para assegurar o cumprimento da meta de inflação.
22/09/2021|human|-1|Essa assimetria no balanço de riscos afeta o grau apropriado de estímulo monetário, justificando assim uma trajetória para a política monetária mais contracionista do que a utilizada no cenário básico.
22/09/2021|human|1|Sem prejuízo de seu objetivo fundamental de assegurar a estabilidade de preços, essa decisão também implica suavização das flutuações do nível de atividade econômica e fomento do pleno emprego.
08/12/2021|human|1|No cenário básico, com trajetória para a taxa de juros extraída da pesquisa Focus e taxa de câmbio partindo de USD/BRL 5, 65 2, e evoluindo segundo a paridade do poder de compra (PPC), as projeções de inflação do Copom situam-se em torno de 10, 2% para 2021, 4, 7% para 2022 e 3, 2% para 2023.
02/02/2022|human|1|O Copom enfatiza que os passos futuros da política monetária poderão ser ajustados para assegurar a convergência da inflação para suas metas, e dependerão da evolução da atividade econômica, do balanço de riscos e das projeções e expectativas de inflação para o horizonte relevante da política monetária.
04/05/2022|human|-1|Tal estratégia foi considerada a mais adequada para garantir a convergência da inflação ao longo do horizonte relevante, assim como a ancoragem das expectativas de prazos mais longos, ao mesmo tempo que reflete o aperto monetário já empreendido, reforça a postura de cautela da política monetária e ressalta a incerteza do cenário.
15/06/2022|human|-1|O Comitê reforça que a incerteza sobre o futuro do arcabouço fiscal do país e políticas fiscais que sustentem a demanda agregada podem trazer um risco de alta para o cenário inflacionário e para as expectativas de inflação.
21/09/2022|human|-1|Avalia-se que há diversos fatores que podem afetar a trajetória da inflação de serviços, dentre eles a própria queda da inflação corrente, que reduz o efeito inercial sobre esses itens, e as projeções mais positivas para a atividade econômica, que elevam o risco de pressões mais persistentes nesse segmento.
21/09/2022|human|1|Sem prejuízo de seu objetivo fundamental de assegurar a estabilidade de preços, essa decisão também implica suavização das flutuações do nível de atividade econômica e fomento do pleno emprego.
07/12/2022|human|-1|Além disso, ressaltaram que a desinflação de serviços e dos núcleos de inflação, componentes de maior inércia, demandarão maior atenção e perseverança na condução da política monetária.
01/02/2023|human|-1|Apesar desses desenvolvimentos de curto prazo, o Comitê segue avaliando que o compromisso e a determinação dos bancos centrais em reduzir as pressões inflacionárias e ancorar as expectativas consolidam um cenário global de aperto de condições financeiras mais prolongado, com taxas de juros ao final do ciclo de aperto mantidas por um período suficientemente longo em patamares contracionistas, mantendo elevado o risco de uma desaceleração global mais pronunciada.
21/06/2023|human|1|O Copom novamente enfatizou que não há relação mecânica entre a convergência de inflação e a aprovação do arcabouço fiscal, uma vez que a trajetória de inflação segue condicional à reação das expectativas de inflação e das condições financeiras.
02/08/2023|human|-1|Nesse sentido, a dinâmica recente da taxa de câmbio e do preço das commodities internacionais, ainda que exibindo maior volatilidade, contribuiu para arrefecer as pressões internacionais sobre a inflação no Brasil.
19/06/2024|human|-1|O Comitê, unanimemente, optou por interromper o ciclo de queda de juros, destacando que o cenário global incerto e o cenário doméstico marcado por resiliência na atividade, elevação das projeções de inflação e expectativas desancoradas demandam maior cautela.
19/06/2024|human|-1|Políticas monetária e fiscal síncronas e contracíclicas contribuem para assegurar a estabilidade de preços e, sem prejuízo de seu objetivo fundamental, suavizar as flutuações do nível de atividade econômica e fomentar o pleno emprego.
31/07/2024|human|1|Concluiu-se que o processo desinflacionário arrefeceu e que os níveis de inflação corrente acima da meta, em contexto de dinamismo da atividade econômica, tornam a convergência da inflação à meta mais desafiadora.
06/11/2024|human|1|O Comitê avalia que o dinamismo observado no mercado de trabalho é compatível com a inflação de serviços, a qual se mantém acima do nível requerido para o cumprimento da meta de inflação.
11/12/2024|human|-1|Concluiu-se que os determinantes de prazo mais curto, como a taxa de câmbio e a inflação corrente, se deterioraram, assim como os determinantes de médio prazo, como o hiato do produto e as expectativas de inflação.
07/05/2025|human|-1|A política comercial alimenta incertezas sobre a economia global, notadamente acerca da magnitude da desaceleração econômica e sobre o efeito heterogêneo no cenário inflacionário entre os países, com repercussões relevantes sobre a condução da política monetária.
18/06/2025|human|1|Entre os riscos de baixa, ressaltam-se (i) uma eventual desaceleração da atividade econômica doméstica mais acentuada do que a projetada, tendo impactos sobre o cenário de inflação; (ii) uma desaceleração global mais pronunciada decorrente do choque de comércio e de um cenário de maior incerteza; e (iii) uma redução nos preços das commodities com efeitos desinflacionários.
